# origin=center, cell_size_um=20.0, domain_size_um=750.0, description="3D spheroid pattern with 1000 cells"
x,y,z,phenotype,gene_Proliferation,gene_glycoATP,gene_mitoATP
0,0,0,Proliferation,true,false,true
-1,0,0,Proliferation,true,true,true
0,-1,0,Proliferation,true,false,false
0,0,-1,Proliferation,true,false,true
0,0,1,Proliferation,true,true,true
0,1,0,Proliferation,true,false,true
1,0,0,Proliferation,true,true,false
-1,-1,0,Proliferation,true,false,false
-1,0,-1,Proliferation,true,false,true
-1,0,1,Proliferation,true,false,false
-1,1,0,Proliferation,true,true,false
0,-1,-1,Proliferation,true,false,false
0,-1,1,Proliferation,true,false,true
0,1,-1,Proliferation,true,false,true
0,1,1,Proliferation,true,true,false
1,-1,0,Proliferation,true,true,false
1,0,-1,Proliferation,true,false,true
1,0,1,Proliferation,true,true,true
1,1,0,Proliferation,true,false,false
-1,-1,-1,Proliferation,true,true,false
-1,-1,1,Proliferation,true,false,false
-1,1,-1,Proliferation,true,false,true
-1,1,1,Proliferation,true,false,true
1,-1,-1,Proliferation,true,false,true
1,-1,1,Proliferation,true,true,false
1,1,-1,Proliferation,true,true,true
1,1,1,Proliferation,true,true,true
-2,0,0,Proliferation,true,true,true
0,-2,0,Proliferation,true,false,false
0,0,-2,Proliferation,true,false,false
0,0,2,Growth_Arrest,false,false,false
0,2,0,Growth_Arrest,false,true,false
2,0,0,Growth_Arrest,false,false,true
-2,-1,0,Growth_Arrest,false,false,true
-2,0,-1,Growth_Arrest,false,false,true
-2,0,1,Growth_Arrest,false,true,false
-2,1,0,Growth_Arrest,false,false,true
-1,-2,0,Growth_Arrest,false,true,true
-1,0,-2,Growth_Arrest,false,true,false
-1,0,2,Growth_Arrest,false,false,false
-1,2,0,Growth_Arrest,false,true,true
0,-2,-1,Growth_Arrest,false,false,false
0,-2,1,Growth_Arrest,false,false,false
0,-1,-2,Growth_Arrest,false,true,true
0,-1,2,Growth_Arrest,false,true,false
0,1,-2,Growth_Arrest,false,false,true
0,1,2,Growth_Arrest,false,true,true
0,2,-1,Growth_Arrest,false,true,false
0,2,1,Growth_Arrest,false,true,false
1,-2,0,Growth_Arrest,false,false,false
1,0,-2,Growth_Arrest,false,false,true
1,0,2,Growth_Arrest,false,false,true
1,2,0,Growth_Arrest,false,true,false
2,-1,0,Growth_Arrest,false,false,true
2,0,-1,Growth_Arrest,false,false,false
2,0,1,Growth_Arrest,false,false,false
2,1,0,Growth_Arrest,false,true,true
-2,-1,-1,Growth_Arrest,false,true,true
-2,-1,1,Growth_Arrest,false,true,false
-2,1,-1,Growth_Arrest,false,true,true
-2,1,1,Growth_Arrest,false,true,true
-1,-2,-1,Growth_Arrest,false,false,false
-1,-2,1,Growth_Arrest,false,false,false
-1,-1,-2,Growth_Arrest,false,true,true
-1,-1,2,Growth_Arrest,false,false,true
-1,1,-2,Growth_Arrest,false,false,false
-1,1,2,Growth_Arrest,false,false,false
-1,2,-1,Growth_Arrest,false,true,false
-1,2,1,Growth_Arrest,false,true,true
1,-2,-1,Growth_Arrest,false,false,true
1,-2,1,Growth_Arrest,false,true,false
1,-1,-2,Growth_Arrest,false,false,false
1,-1,2,Growth_Arrest,false,false,false
1,1,-2,Growth_Arrest,false,true,true
1,1,2,Growth_Arrest,false,false,false
1,2,-1,Growth_Arrest,false,true,false
1,2,1,Growth_Arrest,false,false,false
2,-1,-1,Growth_Arrest,false,true,false
2,-1,1,Growth_Arrest,false,true,true
2,1,-1,Growth_Arrest,false,false,true
2,1,1,Growth_Arrest,false,false,true
-2,-2,0,Growth_Arrest,false,true,true
-2,0,-2,Growth_Arrest,false,false,true
-2,0,2,Growth_Arrest,false,false,false
-2,2,0,Growth_Arrest,false,false,true
0,-2,-2,Growth_Arrest,false,true,false
0,-2,2,Growth_Arrest,false,true,false
0,2,-2,Growth_Arrest,false,true,false
0,2,2,Growth_Arrest,false,true,false
2,-2,0,Growth_Arrest,false,true,false
2,0,-2,Growth_Arrest,false,false,false
2,0,2,Growth_Arrest,false,true,true
2,2,0,Growth_Arrest,false,false,true
-3,0,0,Growth_Arrest,false,true,true
-2,-2,-1,Growth_Arrest,false,true,false
-2,-2,1,Growth_Arrest,false,false,true
-2,-1,-2,Growth_Arrest,false,true,true
-2,-1,2,Growth_Arrest,false,false,false
-2,1,-2,Growth_Arrest,false,true,true
-2,1,2,Growth_Arrest,false,true,true
-2,2,-1,Growth_Arrest,false,true,false
-2,2,1,Growth_Arrest,false,false,true
-1,-2,-2,Growth_Arrest,false,true,false
-1,-2,2,Growth_Arrest,false,false,true
-1,2,-2,Growth_Arrest,false,false,false
-1,2,2,Growth_Arrest,false,true,true
0,-3,0,Growth_Arrest,false,true,false
0,0,-3,Growth_Arrest,false,true,false
0,0,3,Growth_Arrest,false,false,true
0,3,0,Growth_Arrest,false,true,true
1,-2,-2,Growth_Arrest,false,true,true
1,-2,2,Growth_Arrest,false,false,false
1,2,-2,Growth_Arrest,false,false,false
1,2,2,Growth_Arrest,false,true,false
2,-2,-1,Growth_Arrest,false,true,true
2,-2,1,Growth_Arrest,false,true,true
2,-1,-2,Growth_Arrest,false,true,false
2,-1,2,Growth_Arrest,false,false,true
2,1,-2,Growth_Arrest,false,false,false
2,1,2,Growth_Arrest,false,true,false
2,2,-1,Growth_Arrest,false,true,true
2,2,1,Growth_Arrest,false,true,false
3,0,0,Growth_Arrest,false,false,true
-3,-1,0,Growth_Arrest,false,false,true
-3,0,-1,Growth_Arrest,false,true,true
-3,0,1,Growth_Arrest,false,false,false
-3,1,0,Growth_Arrest,false,true,false
-1,-3,0,Growth_Arrest,false,false,true
-1,0,-3,Growth_Arrest,false,true,true
-1,0,3,Growth_Arrest,false,true,false
-1,3,0,Growth_Arrest,false,true,true
0,-3,-1,Growth_Arrest,false,false,true
0,-3,1,Growth_Arrest,false,true,true
0,-1,-3,Growth_Arrest,false,true,true
0,-1,3,Growth_Arrest,false,false,false
0,1,-3,Growth_Arrest,false,true,true
0,1,3,Growth_Arrest,false,true,true
0,3,-1,Growth_Arrest,false,true,true
0,3,1,Growth_Arrest,false,true,true
1,-3,0,Growth_Arrest,false,true,true
1,0,-3,Growth_Arrest,false,true,false
1,0,3,Growth_Arrest,false,false,false
1,3,0,Growth_Arrest,false,true,false
3,-1,0,Growth_Arrest,false,false,true
3,0,-1,Growth_Arrest,false,false,true
3,0,1,Growth_Arrest,false,false,false
3,1,0,Growth_Arrest,false,true,false
-3,-1,-1,Growth_Arrest,false,false,true
-3,-1,1,Growth_Arrest,false,true,false
-3,1,-1,Growth_Arrest,false,true,false
-3,1,1,Growth_Arrest,false,false,true
-1,-3,-1,Growth_Arrest,false,true,true
-1,-3,1,Growth_Arrest,false,true,true
-1,-1,-3,Growth_Arrest,false,true,false
-1,-1,3,Growth_Arrest,false,true,false
-1,1,-3,Growth_Arrest,false,false,false
-1,1,3,Growth_Arrest,false,false,true
-1,3,-1,Growth_Arrest,false,true,true
-1,3,1,Growth_Arrest,false,false,false
1,-3,-1,Growth_Arrest,false,false,false
1,-3,1,Growth_Arrest,false,true,true
1,-1,-3,Growth_Arrest,false,true,false
1,-1,3,Growth_Arrest,false,true,true
1,1,-3,Growth_Arrest,false,true,true
1,1,3,Growth_Arrest,false,false,false
1,3,-1,Growth_Arrest,false,false,true
1,3,1,Growth_Arrest,false,false,false
3,-1,-1,Growth_Arrest,false,false,false
3,-1,1,Growth_Arrest,false,true,true
3,1,-1,Growth_Arrest,false,false,false
3,1,1,Growth_Arrest,false,false,false
-2,-2,-2,Growth_Arrest,false,false,false
-2,-2,2,Growth_Arrest,false,false,true
-2,2,-2,Growth_Arrest,false,true,false
-2,2,2,Growth_Arrest,false,false,true
2,-2,-2,Growth_Arrest,false,true,true
2,-2,2,Growth_Arrest,false,true,false
2,2,-2,Growth_Arrest,false,false,true
2,2,2,Growth_Arrest,false,false,true
-3,-2,0,Growth_Arrest,false,true,true
-3,0,-2,Growth_Arrest,false,false,true
-3,0,2,Growth_Arrest,false,false,true
-3,2,0,Growth_Arrest,false,true,false
-2,-3,0,Growth_Arrest,false,true,true
-2,0,-3,Growth_Arrest,false,false,false
-2,0,3,Growth_Arrest,false,false,false
-2,3,0,Growth_Arrest,false,false,true
0,-3,-2,Growth_Arrest,false,false,false
0,-3,2,Growth_Arrest,false,true,false
0,-2,-3,Growth_Arrest,false,true,false
0,-2,3,Growth_Arrest,false,false,true
0,2,-3,Growth_Arrest,false,true,true
0,2,3,Growth_Arrest,false,true,true
0,3,-2,Growth_Arrest,false,false,false
0,3,2,Growth_Arrest,false,true,true
2,-3,0,Growth_Arrest,false,true,false
2,0,-3,Growth_Arrest,false,false,true
2,0,3,Growth_Arrest,false,false,true
2,3,0,Growth_Arrest,false,true,false
3,-2,0,Growth_Arrest,false,true,true
3,0,-2,Growth_Arrest,false,false,true
3,0,2,Growth_Arrest,false,true,true
3,2,0,Growth_Arrest,false,false,true
-3,-2,-1,Growth_Arrest,false,false,false
-3,-2,1,Growth_Arrest,false,true,false
-3,-1,-2,Growth_Arrest,false,false,true
-3,-1,2,Growth_Arrest,false,true,true
-3,1,-2,Growth_Arrest,false,true,false
-3,1,2,Growth_Arrest,false,false,false
-3,2,-1,Growth_Arrest,false,true,true
-3,2,1,Growth_Arrest,false,true,true
-2,-3,-1,Growth_Arrest,false,false,false
-2,-3,1,Growth_Arrest,false,false,true
-2,-1,-3,Growth_Arrest,false,false,true
-2,-1,3,Growth_Arrest,false,false,false
-2,1,-3,Growth_Arrest,false,false,true
-2,1,3,Growth_Arrest,false,true,false
-2,3,-1,Growth_Arrest,false,false,true
-2,3,1,Growth_Arrest,false,false,true
-1,-3,-2,Growth_Arrest,false,true,false
-1,-3,2,Growth_Arrest,false,false,true
-1,-2,-3,Growth_Arrest,false,false,false
-1,-2,3,Growth_Arrest,false,true,true
-1,2,-3,Growth_Arrest,false,true,true
-1,2,3,Growth_Arrest,false,false,false
-1,3,-2,Growth_Arrest,false,true,true
-1,3,2,Growth_Arrest,false,false,true
1,-3,-2,Growth_Arrest,false,false,false
1,-3,2,Growth_Arrest,false,false,false
1,-2,-3,Growth_Arrest,false,false,false
1,-2,3,Growth_Arrest,false,false,true
1,2,-3,Growth_Arrest,false,true,true
1,2,3,Growth_Arrest,false,true,false
1,3,-2,Growth_Arrest,false,false,true
1,3,2,Growth_Arrest,false,false,true
2,-3,-1,Growth_Arrest,false,false,true
2,-3,1,Growth_Arrest,false,false,true
2,-1,-3,Growth_Arrest,false,true,true
2,-1,3,Growth_Arrest,false,false,true
2,1,-3,Growth_Arrest,false,true,true
2,1,3,Growth_Arrest,false,true,true
2,3,-1,Growth_Arrest,false,false,true
2,3,1,Growth_Arrest,false,true,true
3,-2,-1,Growth_Arrest,false,false,false
3,-2,1,Growth_Arrest,false,true,true
3,-1,-2,Growth_Arrest,false,false,true
3,-1,2,Growth_Arrest,false,false,false
3,1,-2,Growth_Arrest,false,false,false
3,1,2,Growth_Arrest,false,true,false
3,2,-1,Growth_Arrest,false,true,true
3,2,1,Growth_Arrest,false,true,true
-4,0,0,Growth_Arrest,false,false,true
0,-4,0,Growth_Arrest,false,true,false
0,0,-4,Growth_Arrest,false,true,true
0,0,4,Growth_Arrest,false,true,true
0,4,0,Growth_Arrest,false,true,false
4,0,0,Growth_Arrest,false,true,true
-4,-1,0,Growth_Arrest,false,false,false
-4,0,-1,Growth_Arrest,false,false,true
-4,0,1,Growth_Arrest,false,true,false
-4,1,0,Growth_Arrest,false,true,false
-3,-2,-2,Growth_Arrest,false,true,true
-3,-2,2,Growth_Arrest,false,true,false
-3,2,-2,Growth_Arrest,false,false,false
-3,2,2,Growth_Arrest,false,false,true
-2,-3,-2,Growth_Arrest,false,true,true
-2,-3,2,Growth_Arrest,false,true,true
-2,-2,-3,Growth_Arrest,false,true,true
-2,-2,3,Growth_Arrest,false,true,false
-2,2,-3,Growth_Arrest,false,false,false
-2,2,3,Growth_Arrest,false,true,true
-2,3,-2,Growth_Arrest,false,false,true
-2,3,2,Growth_Arrest,false,true,false
-1,-4,0,Growth_Arrest,false,false,true
-1,0,-4,Growth_Arrest,false,true,true
-1,0,4,Growth_Arrest,false,true,true
-1,4,0,Growth_Arrest,false,true,true
0,-4,-1,Growth_Arrest,false,true,false
0,-4,1,Growth_Arrest,false,false,false
0,-1,-4,Growth_Arrest,false,true,true
0,-1,4,Growth_Arrest,false,true,false
0,1,-4,Growth_Arrest,false,false,false
0,1,4,Growth_Arrest,false,false,true
0,4,-1,Growth_Arrest,false,false,false
0,4,1,Growth_Arrest,false,true,false
1,-4,0,Growth_Arrest,false,true,true
1,0,-4,Growth_Arrest,false,false,true
1,0,4,Growth_Arrest,false,true,true
1,4,0,Growth_Arrest,false,false,true
2,-3,-2,Growth_Arrest,false,false,false
2,-3,2,Growth_Arrest,false,false,true
2,-2,-3,Growth_Arrest,false,false,false
2,-2,3,Growth_Arrest,false,true,false
2,2,-3,Growth_Arrest,false,false,false
2,2,3,Growth_Arrest,false,false,false
2,3,-2,Growth_Arrest,false,false,true
2,3,2,Growth_Arrest,false,false,false
3,-2,-2,Growth_Arrest,false,true,false
3,-2,2,Growth_Arrest,false,true,false
3,2,-2,Growth_Arrest,false,false,false
3,2,2,Growth_Arrest,false,false,false
4,-1,0,Growth_Arrest,false,false,false
4,0,-1,Growth_Arrest,false,false,false
4,0,1,Growth_Arrest,false,false,false
4,1,0,Growth_Arrest,false,true,true
-4,-1,-1,Growth_Arrest,false,false,true
-4,-1,1,Growth_Arrest,false,true,false
-4,1,-1,Growth_Arrest,false,true,true
-4,1,1,Growth_Arrest,false,false,false
-3,-3,0,Growth_Arrest,false,true,true
-3,0,-3,Growth_Arrest,false,false,false
-3,0,3,Growth_Arrest,false,false,false
-3,3,0,Growth_Arrest,false,true,false
-1,-4,-1,Growth_Arrest,false,false,true
-1,-4,1,Growth_Arrest,false,false,false
-1,-1,-4,Growth_Arrest,false,true,true
-1,-1,4,Growth_Arrest,false,true,true
-1,1,-4,Growth_Arrest,false,false,false
-1,1,4,Growth_Arrest,false,true,false
-1,4,-1,Growth_Arrest,false,false,false
-1,4,1,Growth_Arrest,false,false,false
0,-3,-3,Growth_Arrest,false,false,false
0,-3,3,Growth_Arrest,false,false,true
0,3,-3,Growth_Arrest,false,true,true
0,3,3,Growth_Arrest,false,true,false
1,-4,-1,Growth_Arrest,false,false,true
1,-4,1,Growth_Arrest,false,true,true
1,-1,-4,Growth_Arrest,false,false,false
1,-1,4,Growth_Arrest,false,false,false
1,1,-4,Growth_Arrest,false,true,true
1,1,4,Growth_Arrest,false,false,true
1,4,-1,Growth_Arrest,false,true,false
1,4,1,Growth_Arrest,false,false,false
3,-3,0,Growth_Arrest,false,false,false
3,0,-3,Growth_Arrest,false,false,false
3,0,3,Growth_Arrest,false,false,true
3,3,0,Growth_Arrest,false,false,true
4,-1,-1,Growth_Arrest,false,false,true
4,-1,1,Growth_Arrest,false,false,false
4,1,-1,Growth_Arrest,false,true,true
4,1,1,Growth_Arrest,false,true,false
-3,-3,-1,Growth_Arrest,false,false,true
-3,-3,1,Growth_Arrest,false,true,true
-3,-1,-3,Growth_Arrest,false,true,false
-3,-1,3,Growth_Arrest,false,true,false
-3,1,-3,Growth_Arrest,false,false,false
-3,1,3,Growth_Arrest,false,true,false
-3,3,-1,Growth_Arrest,false,false,true
-3,3,1,Growth_Arrest,false,false,true
-1,-3,-3,Growth_Arrest,false,false,false
-1,-3,3,Growth_Arrest,false,true,false
-1,3,-3,Growth_Arrest,false,false,false
-1,3,3,Growth_Arrest,false,false,true
1,-3,-3,Growth_Arrest,false,false,true
1,-3,3,Growth_Arrest,false,false,true
1,3,-3,Growth_Arrest,false,true,true
1,3,3,Growth_Arrest,false,false,false
3,-3,-1,Growth_Arrest,false,false,true
3,-3,1,Growth_Arrest,false,true,true
3,-1,-3,Growth_Arrest,false,false,true
3,-1,3,Growth_Arrest,false,true,false
3,1,-3,Growth_Arrest,false,false,true
3,1,3,Growth_Arrest,false,true,true
3,3,-1,Growth_Arrest,false,false,true
3,3,1,Growth_Arrest,false,false,false
-4,-2,0,Growth_Arrest,false,false,true
-4,0,-2,Growth_Arrest,false,true,true
-4,0,2,Growth_Arrest,false,false,true
-4,2,0,Growth_Arrest,false,false,true
-2,-4,0,Growth_Arrest,false,false,false
-2,0,-4,Growth_Arrest,false,false,false
-2,0,4,Growth_Arrest,false,true,true
-2,4,0,Growth_Arrest,false,false,true
0,-4,-2,Growth_Arrest,false,false,true
0,-4,2,Growth_Arrest,false,true,true
0,-2,-4,Growth_Arrest,false,false,true
0,-2,4,Growth_Arrest,false,true,false
0,2,-4,Growth_Arrest,false,false,true
0,2,4,Growth_Arrest,false,true,true
0,4,-2,Growth_Arrest,false,true,true
0,4,2,Growth_Arrest,false,false,false
2,-4,0,Growth_Arrest,false,false,true
2,0,-4,Growth_Arrest,false,false,true
2,0,4,Growth_Arrest,false,true,true
2,4,0,Growth_Arrest,false,false,true
4,-2,0,Growth_Arrest,false,false,true
4,0,-2,Growth_Arrest,false,false,false
4,0,2,Growth_Arrest,false,true,false
4,2,0,Growth_Arrest,false,false,true
-4,-2,-1,Growth_Arrest,false,true,true
-4,-2,1,Growth_Arrest,false,true,true
-4,-1,-2,Growth_Arrest,false,false,false
-4,-1,2,Growth_Arrest,false,false,true
-4,1,-2,Growth_Arrest,false,true,false
-4,1,2,Growth_Arrest,false,false,true
-4,2,-1,Growth_Arrest,false,false,true
-4,2,1,Growth_Arrest,false,true,true
-2,-4,-1,Growth_Arrest,false,false,true
-2,-4,1,Growth_Arrest,false,true,true
-2,-1,-4,Growth_Arrest,false,true,true
-2,-1,4,Growth_Arrest,false,true,false
-2,1,-4,Growth_Arrest,false,true,true
-2,1,4,Growth_Arrest,false,false,true
-2,4,-1,Growth_Arrest,false,true,true
-2,4,1,Growth_Arrest,false,false,false
-1,-4,-2,Growth_Arrest,false,true,true
-1,-4,2,Growth_Arrest,false,false,true
-1,-2,-4,Growth_Arrest,false,true,true
-1,-2,4,Growth_Arrest,false,true,false
-1,2,-4,Growth_Arrest,false,false,false
-1,2,4,Growth_Arrest,false,true,false
-1,4,-2,Growth_Arrest,false,false,false
-1,4,2,Growth_Arrest,false,true,true
1,-4,-2,Growth_Arrest,false,false,false
1,-4,2,Growth_Arrest,false,true,false
1,-2,-4,Growth_Arrest,false,false,false
1,-2,4,Growth_Arrest,false,false,false
1,2,-4,Growth_Arrest,false,false,false
1,2,4,Growth_Arrest,false,true,false
1,4,-2,Growth_Arrest,false,true,true
1,4,2,Growth_Arrest,false,false,true
2,-4,-1,Growth_Arrest,false,false,true
2,-4,1,Growth_Arrest,false,false,false
2,-1,-4,Growth_Arrest,false,false,true
2,-1,4,Growth_Arrest,false,true,true
2,1,-4,Growth_Arrest,false,false,true
2,1,4,Growth_Arrest,false,false,true
2,4,-1,Growth_Arrest,false,false,false
2,4,1,Growth_Arrest,false,false,false
4,-2,-1,Growth_Arrest,false,true,false
4,-2,1,Growth_Arrest,false,true,false
4,-1,-2,Growth_Arrest,false,true,false
4,-1,2,Growth_Arrest,false,false,true
4,1,-2,Growth_Arrest,false,false,false
4,1,2,Growth_Arrest,false,true,true
4,2,-1,Growth_Arrest,false,false,false
4,2,1,Growth_Arrest,false,true,false
-3,-3,-2,Growth_Arrest,false,false,false
-3,-3,2,Growth_Arrest,false,true,true
-3,-2,-3,Growth_Arrest,false,false,false
-3,-2,3,Growth_Arrest,false,false,true
-3,2,-3,Growth_Arrest,false,false,false
-3,2,3,Growth_Arrest,false,true,false
-3,3,-2,Growth_Arrest,false,true,false
-3,3,2,Growth_Arrest,false,false,false
-2,-3,-3,Growth_Arrest,false,true,true
-2,-3,3,Growth_Arrest,false,true,false
-2,3,-3,Growth_Arrest,false,true,false
-2,3,3,Growth_Arrest,false,false,true
2,-3,-3,Growth_Arrest,false,false,false
2,-3,3,Growth_Arrest,false,false,false
2,3,-3,Growth_Arrest,false,false,true
2,3,3,Growth_Arrest,false,false,true
3,-3,-2,Growth_Arrest,false,true,false
3,-3,2,Growth_Arrest,false,false,false
3,-2,-3,Growth_Arrest,false,true,false
3,-2,3,Growth_Arrest,false,true,false
3,2,-3,Growth_Arrest,false,true,false
3,2,3,Growth_Arrest,false,false,true
3,3,-2,Growth_Arrest,false,true,false
3,3,2,Growth_Arrest,false,true,false
-4,-2,-2,Growth_Arrest,false,true,true
-4,-2,2,Growth_Arrest,false,false,false
-4,2,-2,Growth_Arrest,false,false,true
-4,2,2,Growth_Arrest,false,true,false
-2,-4,-2,Growth_Arrest,false,false,true
-2,-4,2,Growth_Arrest,false,true,true
-2,-2,-4,Growth_Arrest,false,false,false
-2,-2,4,Growth_Arrest,false,false,true
-2,2,-4,Growth_Arrest,false,false,true
-2,2,4,Growth_Arrest,false,false,true
-2,4,-2,Growth_Arrest,false,true,true
-2,4,2,Growth_Arrest,false,false,false
2,-4,-2,Growth_Arrest,false,false,true
2,-4,2,Growth_Arrest,false,true,true
2,-2,-4,Growth_Arrest,false,true,true
2,-2,4,Growth_Arrest,false,false,true
2,2,-4,Growth_Arrest,false,false,false
2,2,4,Growth_Arrest,false,true,false
2,4,-2,Growth_Arrest,false,false,true
2,4,2,Growth_Arrest,false,false,true
4,-2,-2,Growth_Arrest,false,false,false
4,-2,2,Growth_Arrest,false,false,false
4,2,-2,Growth_Arrest,false,true,false
4,2,2,Growth_Arrest,false,true,false
-5,0,0,Growth_Arrest,false,true,true
-4,-3,0,Growth_Arrest,false,true,false
-4,0,-3,Growth_Arrest,false,false,false
-4,0,3,Growth_Arrest,false,true,false
-4,3,0,Growth_Arrest,false,false,true
-3,-4,0,Growth_Arrest,false,false,true
-3,0,-4,Growth_Arrest,false,false,false
-3,0,4,Growth_Arrest,false,true,false
-3,4,0,Growth_Arrest,false,true,false
0,-5,0,Growth_Arrest,false,false,true
0,-4,-3,Growth_Arrest,false,true,true
0,-4,3,Growth_Arrest,false,false,true
0,-3,-4,Growth_Arrest,false,false,false
0,-3,4,Growth_Arrest,false,true,false
0,0,-5,Growth_Arrest,false,true,false
0,0,5,Growth_Arrest,false,false,true
0,3,-4,Growth_Arrest,false,true,true
0,3,4,Growth_Arrest,false,true,true
0,4,-3,Growth_Arrest,false,true,true
0,4,3,Growth_Arrest,false,false,false
0,5,0,Growth_Arrest,false,false,true
3,-4,0,Growth_Arrest,false,true,false
3,0,-4,Growth_Arrest,false,true,true
3,0,4,Growth_Arrest,false,false,true
3,4,0,Growth_Arrest,false,true,false
4,-3,0,Growth_Arrest,false,true,false
4,0,-3,Growth_Arrest,false,true,true
4,0,3,Growth_Arrest,false,true,false
4,3,0,Growth_Arrest,false,true,true
5,0,0,Growth_Arrest,false,false,true
-5,-1,0,Growth_Arrest,false,false,true
-5,0,-1,Growth_Arrest,false,false,false
-5,0,1,Growth_Arrest,false,false,true
-5,1,0,Growth_Arrest,false,false,true
-4,-3,-1,Growth_Arrest,false,false,false
-4,-3,1,Growth_Arrest,false,true,true
-4,-1,-3,Growth_Arrest,false,false,true
-4,-1,3,Growth_Arrest,false,true,true
-4,1,-3,Growth_Arrest,false,false,false
-4,1,3,Growth_Arrest,false,true,false
-4,3,-1,Growth_Arrest,false,true,true
-4,3,1,Growth_Arrest,false,true,true
-3,-4,-1,Growth_Arrest,false,true,false
-3,-4,1,Growth_Arrest,false,true,false
-3,-1,-4,Growth_Arrest,false,false,true
-3,-1,4,Growth_Arrest,false,true,true
-3,1,-4,Growth_Arrest,false,true,false
-3,1,4,Growth_Arrest,false,false,true
-3,4,-1,Growth_Arrest,false,false,false
-3,4,1,Growth_Arrest,false,false,false
-1,-5,0,Growth_Arrest,false,false,false
-1,-4,-3,Growth_Arrest,false,false,false
-1,-4,3,Growth_Arrest,false,true,false
-1,-3,-4,Growth_Arrest,false,false,true
-1,-3,4,Growth_Arrest,false,false,true
-1,0,-5,Growth_Arrest,false,true,false
-1,0,5,Growth_Arrest,false,false,true
-1,3,-4,Growth_Arrest,false,true,false
-1,3,4,Growth_Arrest,false,true,false
-1,4,-3,Growth_Arrest,false,true,false
-1,4,3,Growth_Arrest,false,true,true
-1,5,0,Growth_Arrest,false,true,true
0,-5,-1,Growth_Arrest,false,false,false
0,-5,1,Growth_Arrest,false,false,false
0,-1,-5,Growth_Arrest,false,true,false
0,-1,5,Growth_Arrest,false,false,true
0,1,-5,Growth_Arrest,false,true,true
0,1,5,Growth_Arrest,false,true,false
0,5,-1,Growth_Arrest,false,false,true
0,5,1,Growth_Arrest,false,true,false
1,-5,0,Growth_Arrest,false,true,false
1,-4,-3,Growth_Arrest,false,false,true
1,-4,3,Growth_Arrest,false,true,true
1,-3,-4,Growth_Arrest,false,false,true
1,-3,4,Growth_Arrest,false,false,false
1,0,-5,Growth_Arrest,false,true,true
1,0,5,Growth_Arrest,false,true,true
1,3,-4,Growth_Arrest,false,true,true
1,3,4,Growth_Arrest,false,false,false
1,4,-3,Growth_Arrest,false,false,false
1,4,3,Growth_Arrest,false,true,false
1,5,0,Growth_Arrest,false,false,false
3,-4,-1,Growth_Arrest,false,true,false
3,-4,1,Growth_Arrest,false,true,false
3,-1,-4,Growth_Arrest,false,false,true
3,-1,4,Growth_Arrest,false,true,false
3,1,-4,Growth_Arrest,false,true,true
3,1,4,Growth_Arrest,false,false,true
3,4,-1,Growth_Arrest,false,true,true
3,4,1,Growth_Arrest,false,true,true
4,-3,-1,Growth_Arrest,false,true,true
4,-3,1,Growth_Arrest,false,true,true
4,-1,-3,Growth_Arrest,false,true,true
4,-1,3,Growth_Arrest,false,false,true
4,1,-3,Growth_Arrest,false,true,false
4,1,3,Growth_Arrest,false,true,false
4,3,-1,Growth_Arrest,false,false,true
4,3,1,Growth_Arrest,false,false,true
5,-1,0,Growth_Arrest,false,true,true
5,0,-1,Growth_Arrest,false,false,false
5,0,1,Growth_Arrest,false,true,true
5,1,0,Growth_Arrest,false,true,false
-5,-1,-1,Growth_Arrest,false,true,true
-5,-1,1,Growth_Arrest,false,true,false
-5,1,-1,Growth_Arrest,false,true,true
-5,1,1,Growth_Arrest,false,true,false
-3,-3,-3,Growth_Arrest,false,true,true
-3,-3,3,Growth_Arrest,false,false,true
-3,3,-3,Growth_Arrest,false,true,false
-3,3,3,Growth_Arrest,false,false,true
-1,-5,-1,Growth_Arrest,false,false,true
-1,-5,1,Growth_Arrest,false,false,true
-1,-1,-5,Growth_Arrest,false,false,true
-1,-1,5,Growth_Arrest,false,true,true
-1,1,-5,Growth_Arrest,false,true,false
-1,1,5,Growth_Arrest,false,true,false
-1,5,-1,Growth_Arrest,false,false,false
-1,5,1,Growth_Arrest,false,false,true
1,-5,-1,Growth_Arrest,false,true,false
1,-5,1,Growth_Arrest,false,false,true
1,-1,-5,Growth_Arrest,false,false,false
1,-1,5,Growth_Arrest,false,false,true
1,1,-5,Growth_Arrest,false,true,false
1,1,5,Growth_Arrest,false,false,true
1,5,-1,Growth_Arrest,false,true,false
1,5,1,Growth_Arrest,false,true,false
3,-3,-3,Growth_Arrest,false,false,true
3,-3,3,Growth_Arrest,false,false,true
3,3,-3,Growth_Arrest,false,false,false
3,3,3,Growth_Arrest,false,true,false
5,-1,-1,Growth_Arrest,false,true,false
5,-1,1,Growth_Arrest,false,false,false
5,1,-1,Growth_Arrest,false,true,false
5,1,1,Growth_Arrest,false,true,false
-5,-2,0,Growth_Arrest,false,true,false
-5,0,-2,Growth_Arrest,false,true,true
-5,0,2,Growth_Arrest,false,true,true
-5,2,0,Growth_Arrest,false,true,true
-4,-3,-2,Growth_Arrest,false,false,false
-4,-3,2,Growth_Arrest,false,true,true
-4,-2,-3,Growth_Arrest,false,true,false
-4,-2,3,Growth_Arrest,false,false,false
-4,2,-3,Growth_Arrest,false,true,false
-4,2,3,Growth_Arrest,false,false,false
-4,3,-2,Growth_Arrest,false,false,true
-4,3,2,Growth_Arrest,false,false,true
-3,-4,-2,Growth_Arrest,false,false,false
-3,-4,2,Growth_Arrest,false,false,false
-3,-2,-4,Growth_Arrest,false,false,false
-3,-2,4,Growth_Arrest,false,true,false
-3,2,-4,Growth_Arrest,false,true,true
-3,2,4,Growth_Arrest,false,true,false
-3,4,-2,Growth_Arrest,false,false,false
-3,4,2,Growth_Arrest,false,false,true
-2,-5,0,Growth_Arrest,false,false,false
-2,-4,-3,Growth_Arrest,false,true,true
-2,-4,3,Growth_Arrest,false,true,false
-2,-3,-4,Growth_Arrest,false,false,true
-2,-3,4,Growth_Arrest,false,false,false
-2,0,-5,Growth_Arrest,false,false,false
-2,0,5,Growth_Arrest,false,false,false
-2,3,-4,Growth_Arrest,false,true,true
-2,3,4,Growth_Arrest,false,true,false
-2,4,-3,Growth_Arrest,false,false,false
-2,4,3,Growth_Arrest,false,true,true
-2,5,0,Growth_Arrest,false,false,true
0,-5,-2,Growth_Arrest,false,false,true
0,-5,2,Growth_Arrest,false,true,true
0,-2,-5,Growth_Arrest,false,true,true
0,-2,5,Growth_Arrest,false,false,true
0,2,-5,Growth_Arrest,false,false,true
0,2,5,Growth_Arrest,false,true,true
0,5,-2,Growth_Arrest,false,false,true
0,5,2,Growth_Arrest,false,true,true
2,-5,0,Growth_Arrest,false,false,false
2,-4,-3,Growth_Arrest,false,false,false
2,-4,3,Growth_Arrest,false,true,false
2,-3,-4,Growth_Arrest,false,true,false
2,-3,4,Growth_Arrest,false,false,true
2,0,-5,Growth_Arrest,false,true,false
2,0,5,Growth_Arrest,false,true,true
2,3,-4,Growth_Arrest,false,false,true
2,3,4,Growth_Arrest,false,true,true
2,4,-3,Growth_Arrest,false,false,true
2,4,3,Growth_Arrest,false,false,false
2,5,0,Growth_Arrest,false,false,false
3,-4,-2,Growth_Arrest,false,true,true
3,-4,2,Growth_Arrest,false,true,false
3,-2,-4,Growth_Arrest,false,false,false
3,-2,4,Growth_Arrest,false,true,false
3,2,-4,Growth_Arrest,false,true,true
3,2,4,Growth_Arrest,false,false,true
3,4,-2,Growth_Arrest,false,false,true
3,4,2,Growth_Arrest,false,true,false
4,-3,-2,Growth_Arrest,false,false,true
4,-3,2,Growth_Arrest,false,true,false
4,-2,-3,Growth_Arrest,false,true,true
4,-2,3,Growth_Arrest,false,true,false
4,2,-3,Growth_Arrest,false,true,true
4,2,3,Growth_Arrest,false,false,false
4,3,-2,Growth_Arrest,false,true,false
4,3,2,Growth_Arrest,false,true,false
5,-2,0,Growth_Arrest,false,false,true
5,0,-2,Growth_Arrest,false,false,true
5,0,2,Growth_Arrest,false,false,true
5,2,0,Growth_Arrest,false,false,false
-5,-2,-1,Growth_Arrest,false,true,false
-5,-2,1,Growth_Arrest,false,true,false
-5,-1,-2,Growth_Arrest,false,true,false
-5,-1,2,Growth_Arrest,false,true,false
-5,1,-2,Growth_Arrest,false,false,false
-5,1,2,Growth_Arrest,false,false,true
-5,2,-1,Growth_Arrest,false,false,true
-5,2,1,Growth_Arrest,false,false,false
-2,-5,-1,Growth_Arrest,false,true,true
-2,-5,1,Growth_Arrest,false,false,false
-2,-1,-5,Growth_Arrest,false,false,true
-2,-1,5,Growth_Arrest,false,true,false
-2,1,-5,Growth_Arrest,false,true,true
-2,1,5,Growth_Arrest,false,true,true
-2,5,-1,Growth_Arrest,false,false,false
-2,5,1,Growth_Arrest,false,false,false
-1,-5,-2,Growth_Arrest,false,true,true
-1,-5,2,Growth_Arrest,false,false,false
-1,-2,-5,Growth_Arrest,false,false,true
-1,-2,5,Growth_Arrest,false,false,true
-1,2,-5,Growth_Arrest,false,false,false
-1,2,5,Growth_Arrest,false,true,true
-1,5,-2,Growth_Arrest,false,false,true
-1,5,2,Growth_Arrest,false,true,true
1,-5,-2,Growth_Arrest,false,false,true
1,-5,2,Growth_Arrest,false,false,true
1,-2,-5,Growth_Arrest,false,false,false
1,-2,5,Growth_Arrest,false,false,true
1,2,-5,Growth_Arrest,false,false,true
1,2,5,Growth_Arrest,false,true,false
1,5,-2,Growth_Arrest,false,true,false
1,5,2,Growth_Arrest,false,true,false
2,-5,-1,Growth_Arrest,false,true,true
2,-5,1,Growth_Arrest,false,true,true
2,-1,-5,Growth_Arrest,false,false,true
2,-1,5,Growth_Arrest,false,true,true
2,1,-5,Growth_Arrest,false,false,true
2,1,5,Growth_Arrest,false,true,true
2,5,-1,Growth_Arrest,false,false,true
2,5,1,Growth_Arrest,false,false,true
5,-2,-1,Growth_Arrest,false,false,true
5,-2,1,Growth_Arrest,false,true,false
5,-1,-2,Growth_Arrest,false,true,false
5,-1,2,Growth_Arrest,false,true,true
5,1,-2,Growth_Arrest,false,true,true
5,1,2,Growth_Arrest,false,true,false
5,2,-1,Growth_Arrest,false,false,true
5,2,1,Growth_Arrest,false,true,true
-4,-4,0,Growth_Arrest,false,true,false
-4,0,-4,Growth_Arrest,false,true,false
-4,0,4,Growth_Arrest,false,true,false
-4,4,0,Growth_Arrest,false,false,false
0,-4,-4,Growth_Arrest,false,false,true
0,-4,4,Growth_Arrest,false,false,false
0,4,-4,Growth_Arrest,false,false,false
0,4,4,Growth_Arrest,false,false,false
4,-4,0,Growth_Arrest,false,true,true
4,0,-4,Growth_Arrest,false,true,false
4,0,4,Growth_Arrest,false,false,true
4,4,0,Growth_Arrest,false,true,false
-5,-2,-2,Growth_Arrest,false,false,false
-5,-2,2,Growth_Arrest,false,false,false
-5,2,-2,Growth_Arrest,false,true,true
-5,2,2,Growth_Arrest,false,true,true
-4,-4,-1,Growth_Arrest,false,true,true
-4,-4,1,Growth_Arrest,false,true,false
-4,-1,-4,Growth_Arrest,false,false,false
-4,-1,4,Growth_Arrest,false,true,true
-4,1,-4,Growth_Arrest,false,false,true
-4,1,4,Growth_Arrest,false,false,true
-4,4,-1,Growth_Arrest,false,false,false
-4,4,1,Growth_Arrest,false,false,false
-2,-5,-2,Growth_Arrest,false,false,false
-2,-5,2,Growth_Arrest,false,true,true
-2,-2,-5,Growth_Arrest,false,false,true
-2,-2,5,Growth_Arrest,false,true,false
-2,2,-5,Growth_Arrest,false,false,false
-2,2,5,Growth_Arrest,false,false,true
-2,5,-2,Growth_Arrest,false,false,true
-2,5,2,Growth_Arrest,false,true,false
-1,-4,-4,Growth_Arrest,false,true,false
-1,-4,4,Growth_Arrest,false,true,false
-1,4,-4,Growth_Arrest,false,true,true
-1,4,4,Growth_Arrest,false,false,true
1,-4,-4,Growth_Arrest,false,true,true
1,-4,4,Growth_Arrest,false,true,true
1,4,-4,Growth_Arrest,false,false,false
1,4,4,Growth_Arrest,false,true,false
2,-5,-2,Growth_Arrest,false,true,true
2,-5,2,Growth_Arrest,false,false,false
2,-2,-5,Growth_Arrest,false,true,false
2,-2,5,Growth_Arrest,false,true,false
2,2,-5,Growth_Arrest,false,true,false
2,2,5,Growth_Arrest,false,true,false
2,5,-2,Growth_Arrest,false,true,false
2,5,2,Growth_Arrest,false,true,true
4,-4,-1,Growth_Arrest,false,false,false
4,-4,1,Growth_Arrest,false,false,true
4,-1,-4,Growth_Arrest,false,true,true
4,-1,4,Growth_Arrest,false,false,false
4,1,-4,Growth_Arrest,false,true,false
4,1,4,Growth_Arrest,false,true,false
4,4,-1,Growth_Arrest,false,true,false
4,4,1,Growth_Arrest,false,false,true
5,-2,-2,Growth_Arrest,false,true,true
5,-2,2,Growth_Arrest,false,false,false
5,2,-2,Growth_Arrest,false,true,true
5,2,2,Growth_Arrest,false,false,false
-5,-3,0,Growth_Arrest,false,false,true
-5,0,-3,Growth_Arrest,false,false,false
-5,0,3,Growth_Arrest,false,false,false
-5,3,0,Growth_Arrest,false,false,true
-4,-3,-3,Growth_Arrest,false,false,true
-4,-3,3,Growth_Arrest,false,false,true
-4,3,-3,Growth_Arrest,false,true,true
-4,3,3,Growth_Arrest,false,true,false
-3,-5,0,Growth_Arrest,false,false,true
-3,-4,-3,Growth_Arrest,false,true,true
-3,-4,3,Growth_Arrest,false,true,true
-3,-3,-4,Growth_Arrest,false,false,false
-3,-3,4,Growth_Arrest,false,true,true
-3,0,-5,Growth_Arrest,false,false,true
-3,0,5,Growth_Arrest,false,false,true
-3,3,-4,Growth_Arrest,false,false,false
-3,3,4,Growth_Arrest,false,true,false
-3,4,-3,Growth_Arrest,false,true,true
-3,4,3,Growth_Arrest,false,true,false
-3,5,0,Growth_Arrest,false,false,false
0,-5,-3,Growth_Arrest,false,true,true
0,-5,3,Growth_Arrest,false,true,true
0,-3,-5,Growth_Arrest,false,true,true
0,-3,5,Growth_Arrest,false,false,true
0,3,-5,Growth_Arrest,false,false,true
0,3,5,Growth_Arrest,false,true,true
0,5,-3,Growth_Arrest,false,false,false
0,5,3,Growth_Arrest,false,false,false
3,-5,0,Growth_Arrest,false,false,true
3,-4,-3,Growth_Arrest,false,true,false
3,-4,3,Growth_Arrest,false,false,false
3,-3,-4,Growth_Arrest,false,true,true
3,-3,4,Growth_Arrest,false,true,false
3,0,-5,Growth_Arrest,false,true,true
3,0,5,Growth_Arrest,false,false,true
3,3,-4,Growth_Arrest,false,false,true
3,3,4,Growth_Arrest,false,false,true
3,4,-3,Growth_Arrest,false,true,true
3,4,3,Growth_Arrest,false,true,false
3,5,0,Growth_Arrest,false,false,false
4,-3,-3,Growth_Arrest,false,false,true
4,-3,3,Growth_Arrest,false,false,true
4,3,-3,Growth_Arrest,false,true,true
4,3,3,Growth_Arrest,false,false,true
5,-3,0,Growth_Arrest,false,true,false
5,0,-3,Growth_Arrest,false,true,true
5,0,3,Growth_Arrest,false,false,true
5,3,0,Growth_Arrest,false,false,false
-5,-3,-1,Growth_Arrest,false,false,false
-5,-3,1,Growth_Arrest,false,false,false
-5,-1,-3,Growth_Arrest,false,true,true
-5,-1,3,Growth_Arrest,false,true,false
-5,1,-3,Growth_Arrest,false,false,true
-5,1,3,Growth_Arrest,false,false,false
-5,3,-1,Growth_Arrest,false,true,false
-5,3,1,Growth_Arrest,false,true,true
-3,-5,-1,Growth_Arrest,false,false,false
-3,-5,1,Growth_Arrest,false,true,false
-3,-1,-5,Growth_Arrest,false,false,true
-3,-1,5,Growth_Arrest,false,false,true
-3,1,-5,Growth_Arrest,false,true,false
-3,1,5,Growth_Arrest,false,false,false
-3,5,-1,Growth_Arrest,false,false,false
-3,5,1,Growth_Arrest,false,true,false
-1,-5,-3,Growth_Arrest,false,true,true
-1,-5,3,Growth_Arrest,false,true,true
-1,-3,-5,Growth_Arrest,false,false,true
-1,-3,5,Growth_Arrest,false,true,false
-1,3,-5,Growth_Arrest,false,false,true
-1,3,5,Growth_Arrest,false,false,false
-1,5,-3,Growth_Arrest,false,false,false
-1,5,3,Growth_Arrest,false,true,true
1,-5,-3,Growth_Arrest,false,true,false
1,-5,3,Growth_Arrest,false,false,false
1,-3,-5,Growth_Arrest,false,false,false
1,-3,5,Growth_Arrest,false,true,false
1,3,-5,Growth_Arrest,false,true,false
1,3,5,Growth_Arrest,false,false,false
1,5,-3,Growth_Arrest,false,true,true
1,5,3,Growth_Arrest,false,true,false
3,-5,-1,Growth_Arrest,false,false,true
3,-5,1,Growth_Arrest,false,false,true
3,-1,-5,Growth_Arrest,false,false,false
3,-1,5,Growth_Arrest,false,false,false
3,1,-5,Growth_Arrest,false,true,false
3,1,5,Growth_Arrest,false,false,false
3,5,-1,Growth_Arrest,false,false,true
3,5,1,Growth_Arrest,false,true,true
5,-3,-1,Growth_Arrest,false,true,false
5,-3,1,Growth_Arrest,false,true,false
5,-1,-3,Growth_Arrest,false,false,true
5,-1,3,Growth_Arrest,false,false,true
5,1,-3,Growth_Arrest,false,false,true
5,1,3,Growth_Arrest,false,true,true
5,3,-1,Growth_Arrest,false,true,true
5,3,1,Growth_Arrest,false,false,true
-6,0,0,Growth_Arrest,false,false,true
-4,-4,-2,Growth_Arrest,false,true,true
-4,-4,2,Growth_Arrest,false,false,false
-4,-2,-4,Growth_Arrest,false,true,false
-4,-2,4,Growth_Arrest,false,false,false
-4,2,-4,Growth_Arrest,false,true,true
-4,2,4,Growth_Arrest,false,false,false
-4,4,-2,Growth_Arrest,false,false,true
-4,4,2,Growth_Arrest,false,true,false
-2,-4,-4,Growth_Arrest,false,false,false
-2,-4,4,Growth_Arrest,false,true,true
-2,4,-4,Growth_Arrest,false,false,false
-2,4,4,Growth_Arrest,false,false,true
0,-6,0,Growth_Arrest,false,false,true
0,0,-6,Growth_Arrest,false,true,false
0,0,6,Growth_Arrest,false,false,false
0,6,0,Growth_Arrest,false,true,true
2,-4,-4,Growth_Arrest,false,true,true
2,-4,4,Growth_Arrest,false,false,true
2,4,-4,Growth_Arrest,false,true,false
2,4,4,Growth_Arrest,false,true,true
4,-4,-2,Growth_Arrest,false,true,true
4,-4,2,Growth_Arrest,false,true,true
4,-2,-4,Growth_Arrest,false,false,false
4,-2,4,Growth_Arrest,false,true,false
4,2,-4,Growth_Arrest,false,false,false
4,2,4,Growth_Arrest,false,false,true
4,4,-2,Growth_Arrest,false,true,false
4,4,2,Growth_Arrest,false,false,false
6,0,0,Growth_Arrest,false,true,true
-6,-1,0,Growth_Arrest,false,false,true
-6,0,-1,Growth_Arrest,false,true,true
-6,0,1,Growth_Arrest,false,true,false
-6,1,0,Growth_Arrest,false,true,false
-1,-6,0,Growth_Arrest,false,true,true
-1,0,-6,Growth_Arrest,false,true,true
-1,0,6,Growth_Arrest,false,false,true
-1,6,0,Growth_Arrest,false,true,true
0,-6,-1,Growth_Arrest,false,false,false
0,-6,1,Growth_Arrest,false,false,true
0,-1,-6,Growth_Arrest,false,true,false
0,-1,6,Growth_Arrest,false,true,true
0,1,-6,Growth_Arrest,false,true,true
0,1,6,Growth_Arrest,false,true,true
0,6,-1,Growth_Arrest,false,false,true
0,6,1,Growth_Arrest,false,true,true
1,-6,0,Growth_Arrest,false,true,true
1,0,-6,Growth_Arrest,false,false,false
1,0,6,Growth_Arrest,false,false,false
1,6,0,Growth_Arrest,false,true,true
6,-1,0,Growth_Arrest,false,false,false
6,0,-1,Growth_Arrest,false,true,false
6,0,1,Growth_Arrest,false,true,true
6,1,0,Growth_Arrest,false,true,false
-6,-1,-1,Growth_Arrest,false,false,true
-6,-1,1,Growth_Arrest,false,true,false
-6,1,-1,Growth_Arrest,false,true,false
-6,1,1,Growth_Arrest,false,true,false
-5,-3,-2,Growth_Arrest,false,true,false
-5,-3,2,Growth_Arrest,false,false,false
-5,-2,-3,Growth_Arrest,false,false,true
-5,-2,3,Growth_Arrest,false,true,false
-5,2,-3,Growth_Arrest,false,false,true
-5,2,3,Growth_Arrest,false,true,true
-5,3,-2,Growth_Arrest,false,false,false
-5,3,2,Growth_Arrest,false,true,false
-3,-5,-2,Growth_Arrest,false,true,false
-3,-5,2,Growth_Arrest,false,true,false
-3,-2,-5,Growth_Arrest,false,true,false
-3,-2,5,Growth_Arrest,false,true,false
-3,2,-5,Growth_Arrest,false,true,true
-3,2,5,Growth_Arrest,false,true,true
-3,5,-2,Growth_Arrest,false,true,true
-3,5,2,Growth_Arrest,false,false,true
-2,-5,-3,Growth_Arrest,false,false,false
-2,-5,3,Growth_Arrest,false,false,false
-2,-3,-5,Growth_Arrest,false,true,true
-2,-3,5,Growth_Arrest,false,true,true
-2,3,-5,Growth_Arrest,false,false,false
-2,3,5,Growth_Arrest,false,false,false
-2,5,-3,Growth_Arrest,false,false,false
-2,5,3,Growth_Arrest,false,true,true
-1,-6,-1,Growth_Arrest,false,true,true
-1,-6,1,Growth_Arrest,false,true,false
-1,-1,-6,Growth_Arrest,false,true,true
-1,-1,6,Growth_Arrest,false,false,false
-1,1,-6,Growth_Arrest,false,true,false
-1,1,6,Growth_Arrest,false,true,true
-1,6,-1,Growth_Arrest,false,false,false
-1,6,1,Growth_Arrest,false,false,false
1,-6,-1,Growth_Arrest,false,false,true
1,-6,1,Growth_Arrest,false,false,true
1,-1,-6,Growth_Arrest,false,false,true
1,-1,6,Growth_Arrest,false,false,false
1,1,-6,Growth_Arrest,false,true,true
1,1,6,Growth_Arrest,false,false,true
1,6,-1,Growth_Arrest,false,false,false
1,6,1,Growth_Arrest,false,false,false
2,-5,-3,Growth_Arrest,false,true,false
2,-5,3,Growth_Arrest,false,false,true
2,-3,-5,Growth_Arrest,false,true,false
2,-3,5,Growth_Arrest,false,true,false
2,3,-5,Growth_Arrest,false,true,true
2,3,5,Growth_Arrest,false,true,false
2,5,-3,Growth_Arrest,false,false,false
